name,"identifier","num_data_bytes","data","crc","ack","remote_frame"
"CAN",0x0000000000000017,,,,
"CAN",,0x0000000000000008,,,
"CAN",,,0xFF,,
"CAN",,,0xFF,,
"CAN",,,0xFF,,
"CAN",,,0xFF,,
"CAN",,,0xFF,,
"CAN",,,0xFF,,
"CAN",,,0xFF,,
"CAN",,,0xFC,,
"CAN",,,,0x0000000000003CCB,
"CAN",,,,,true
"CAN",0x0000000000000017,,,,
"CAN",,0x0000000000000008,,,
"CAN",,,0xFF,,
"CAN",,,0xFF,,
"CAN",,,0xFF,,
"CAN",,,0xFF,,
"CAN",,,0xFF,,
"CAN",,,0xFF,,
"CAN",,,0xFF,,
"CAN",,,0xFC,,
"CAN",,,,0x0000000000003CCB,
"CAN",,,,,true
"CAN",0x0000000000000017,,,,
"CAN",,,,,
"CAN",0x0000000000000017,,,,
"CAN",,0x0000000000000008,,,
"CAN",,,0x17,,
"CAN",,,0x3A,,
"CAN",,,0x42,,
"CAN",,,0x7F,,
"CAN",,,0xF8,,
"CAN",,,0x24,,
"CAN",,,0x42,,
"CAN",,,0x00,,
"CAN",,,,0x0000000000006DAC,
"CAN",,,,,true
"CAN",0x0000000000000017,,,,
"CAN",,0x0000000000000008,,,
"CAN",,,0x17,,
"CAN",,,0x3A,,
"CAN",,,0x42,,
"CAN",,,0x7F,,
"CAN",,,0xF7,,
"CAN",,,0xFF,,
"CAN",,,0x42,,
"CAN",,,0x00,,
"CAN",,,,0x0000000000006A04,
"CAN",,,,,true
"CAN",0x0000000000000017,,,,
"CAN",,0x0000000000000008,,,
"CAN",,,0x7F,,
"CAN",,,0xFF,,
"CAN",,,0x87,,
"CAN",,,0xF0,,
"CAN",,,0x00,,
"CAN",,,0x3D,,
"CAN",,,0x68,,
"CAN",,,0x4A,,
"CAN",,,,0x000000000000001F,
"CAN",,,,,true
"CAN",0x0000000000000017,,,,
"CAN",,0x0000000000000008,,,
"CAN",,,0x17,,
"CAN",,,0x3A,,
"CAN",,,0x44,,
"CAN",,,0x81,,
"CAN",,,0xC8,,
"CAN",,,0x47,,
"CAN",,,0x42,,
"CAN",,,0x00,,
"CAN",,,,0x0000000000001CEC,
"CAN",,,,,true
"CAN",0x0000000000000017,,,,
"CAN",,0x0000000000000008,,,
"CAN",,,0x7F,,
"CAN",,,0xFF,,
"CAN",,,0x87,,
"CAN",,,0xF0,,
"CAN",,,0x00,,
"CAN",,,0x3D,,
"CAN",,,0x68,,
"CAN",,,0x4A,,
"CAN",,,,0x000000000000001F,
"CAN",,,,,true
"CAN",0x0000000000000017,,,,
"CAN",,0x0000000000000008,,,
"CAN",,,0x17,,
"CAN",,,0x3A,,
"CAN",,,0x4D,,
"CAN",,,0x84,,
"CAN",,,0x88,,
"CAN",,,0x49,,
"CAN",,,0x42,,
"CAN",,,0x00,,
"CAN",,,,0x0000000000006137,
"CAN",,,,,true
"CAN",0x0000000000000017,,,,
"CAN",,0x0000000000000008,,,
"CAN",,,0x7F,,
"CAN",,,0xFF,,
"CAN",,,0x87,,
"CAN",,,0xF0,,
"CAN",,,0x00,,
"CAN",,,0x3D,,
"CAN",,,0x68,,
"CAN",,,0x4A,,
"CAN",,,,0x000000000000001F,
"CAN",,,,,true
"CAN",0x0000000000000017,,,,
"CAN",,0x0000000000000008,,,
"CAN",,,0x17,,
"CAN",,,0x3A,,
"CAN",,,0x5C,,
"CAN",,,0x87,,
"CAN",,,0x38,,
"CAN",,,0x3F,,
"CAN",,,0x42,,
"CAN",,,0x00,,
"CAN",,,,0x0000000000002962,
"CAN",,,,,true
"CAN",0x0000000000000017,,,,
"CAN",,0x0000000000000008,,,
"CAN",,,0x7F,,
"CAN",,,0xFF,,
"CAN",,,0x87,,
"CAN",,,0xF0,,
"CAN",,,0x00,,
"CAN",,,0x3D,,
"CAN",,,0x68,,
"CAN",,,0x4A,,
"CAN",,,,0x000000000000001F,
"CAN",,,,,true
"CAN",0x0000000000000017,,,,
"CAN",,0x0000000000000008,,,
"CAN",,,0x17,,
"CAN",,,0x3A,,
"CAN",,,0x72,,
"CAN",,,0x89,,
"CAN",,,0xE8,,
"CAN",,,0x42,,
"CAN",,,0x42,,
"CAN",,,0x00,,
"CAN",,,,0x0000000000003924,
"CAN",,,,,true
"CAN",0x0000000000000017,,,,
"CAN",,0x0000000000000008,,,
"CAN",,,0x7F,,
"CAN",,,0xFF,,
"CAN",,,0x87,,
"CAN",,,0xF0,,
"CAN",,,0x00,,
"CAN",,,0x3D,,
"CAN",,,0x68,,
"CAN",,,0x4A,,
"CAN",,,,0x000000000000001F,
"CAN",,,,,true
"CAN",0x0000000000000017,,,,
"CAN",,0x0000000000000008,,,
"CAN",,,0x17,,
"CAN",,,0x3A,,
"CAN",,,0x8E,,
"CAN",,,0x8C,,
"CAN",,,0xB8,,
"CAN",,,0x41,,
"CAN",,,0x42,,
"CAN",,,0x00,,
"CAN",,,,0x000000000000247B,
"CAN",,,,,true
"CAN",0x0000000000000017,,,,
"CAN",,0x0000000000000008,,,
"CAN",,,0x7F,,
"CAN",,,0xFF,,
"CAN",,,0x87,,
"CAN",,,0xF0,,
"CAN",,,0x00,,
"CAN",,,0x3D,,
"CAN",,,0x68,,
"CAN",,,0x4A,,
"CAN",,,,0x000000000000001F,
"CAN",,,,,true
"CAN",0x0000000000000017,,,,
"CAN",,0x0000000000000008,,,
"CAN",,,0x17,,
"CAN",,,0x3A,,
"CAN",,,0xAF,,
"CAN",,,0x8D,,
"CAN",,,0xE8,,
"CAN",,,0x3D,,
"CAN",,,0x42,,
"CAN",,,0x00,,
"CAN",,,,0x00000000000049F7,
"CAN",,,,,true
"CAN",0x0000000000000017,,,,
"CAN",,0x0000000000000008,,,
"CAN",,,0x7F,,
"CAN",,,0xFF,,
"CAN",,,0x87,,
"CAN",,,0xF0,,
"CAN",,,0x00,,
"CAN",,,0x3D,,
"CAN",,,0x68,,
"CAN",,,0x4A,,
"CAN",,,,0x000000000000001F,
"CAN",,,,,true
"CAN",0x0000000000000017,,,,
"CAN",,0x0000000000000008,,,
"CAN",,,0x17,,
"CAN",,,0x3A,,
"CAN",,,0xD6,,
"CAN",,,0x90,,
"CAN",,,0x18,,
"CAN",,,0x3A,,
"CAN",,,0x42,,
"CAN",,,0x00,,
"CAN",,,,0x00000000000064C7,
"CAN",,,,,true
"CAN",0x0000000000000017,,,,
"CAN",,0x0000000000000008,,,
"CAN",,,0x7F,,
"CAN",,,0xFF,,
"CAN",,,0x87,,
"CAN",,,0xF0,,
"CAN",,,0x00,,
"CAN",,,0x3D,,
"CAN",,,0x68,,
"CAN",,,0x4A,,
"CAN",,,,0x000000000000001F,
"CAN",,,,,true
"CAN",0x0000000000000017,,,,
"CAN",,0x0000000000000008,,,
"CAN",,,0x17,,
"CAN",,,0x3B,,
"CAN",,,0x01,,
"CAN",,,0x92,,
"CAN",,,0x98,,
"CAN",,,0x38,,
"CAN",,,0x42,,
"CAN",,,0x00,,
"CAN",,,,0x0000000000004882,
"CAN",,,,,true
"CAN",0x0000000000000017,,,,
"CAN",,0x0000000000000008,,,
"CAN",,,0x7F,,
"CAN",,,0xFF,,
"CAN",,,0x87,,
"CAN",,,0xF0,,
"CAN",,,0x00,,
"CAN",,,0x3D,,
"CAN",,,0x68,,
"CAN",,,0x4A,,
"CAN",,,,0x000000000000001F,
"CAN",,,,,true
"CAN",0x0000000000000017,,,,
"CAN",,0x0000000000000008,,,
"CAN",,,0x17,,
"CAN",,,0x3B,,
"CAN",,,0x31,,
"CAN",,,0x94,,
"CAN",,,0xB8,,
"CAN",,,0x33,,
"CAN",,,0x42,,
"CAN",,,0x00,,
"CAN",,,,0x00000000000023D3,
"CAN",,,,,true
"CAN",0x0000000000000017,,,,
"CAN",,0x0000000000000008,,,
"CAN",,,0x7F,,
"CAN",,,0xFF,,
"CAN",,,0x87,,
"CAN",,,0xF0,,
"CAN",,,0x00,,
"CAN",,,0x3D,,
"CAN",,,0x68,,
"CAN",,,0x4A,,
"CAN",,,,0x000000000000001F,
"CAN",,,,,true
"CAN",0x0000000000000017,,,,
"CAN",,0x0000000000000008,,,
"CAN",,,0x17,,
"CAN",,,0x3B,,
"CAN",,,0x66,,
"CAN",,,0x95,,
"CAN",,,0xF8,,
"CAN",,,0x35,,
"CAN",,,0x42,,
"CAN",,,0x00,,
"CAN",,,,0x0000000000002CDE,
"CAN",,,,,true
"CAN",0x0000000000000017,,,,
"CAN",,0x0000000000000008,,,
"CAN",,,0x7F,,
"CAN",,,0xFF,,
"CAN",,,0x87,,
"CAN",,,0xF0,,
"CAN",,,0x00,,
"CAN",,,0x3D,,
"CAN",,,0x68,,
"CAN",,,0x4A,,
"CAN",,,,0x000000000000001F,
"CAN",,,,,true
"CAN",0x0000000000000017,,,,
"CAN",,0x0000000000000008,,,
"CAN",,,0x17,,
"CAN",,,0x3B,,
"CAN",,,0x9F,,
"CAN",,,0x98,,
"CAN",,,0x48,,
"CAN",,,0x34,,
"CAN",,,0x42,,
"CAN",,,0x00,,
"CAN",,,,0x0000000000007D7B,
"CAN",,,,,true
"CAN",0x0000000000000017,,,,
"CAN",,0x0000000000000008,,,
"CAN",,,0x7F,,
"CAN",,,0xFF,,
"CAN",,,0x87,,
"CAN",,,0xF0,,
"CAN",,,0x00,,
"CAN",,,0x3D,,
"CAN",,,0x68,,
"CAN",,,0x4A,,
"CAN",,,,0x000000000000001F,
"CAN",,,,,true
"CAN",0x0000000000000017,,,,
"CAN",,0x0000000000000008,,,
"CAN",,,0x17,,
"CAN",,,0x3B,,
"CAN",,,0xDC,,
"CAN",,,0x98,,
"CAN",,,0x18,,
"CAN",,,0x30,,
"CAN",,,0x42,,
"CAN",,,0x00,,
"CAN",,,,0x00000000000045DF,
"CAN",,,,,true
"CAN",0x0000000000000017,,,,
"CAN",,0x0000000000000008,,,
"CAN",,,0x7F,,
"CAN",,,0xFF,,
"CAN",,,0x87,,
"CAN",,,0xF0,,
"CAN",,,0x00,,
"CAN",,,0x3D,,
"CAN",,,0x68,,
"CAN",,,0x4A,,
"CAN",,,,0x000000000000001F,
"CAN",,,,,true
"CAN",0x0000000000000017,,,,
"CAN",,0x0000000000000008,,,
"CAN",,,0x17,,
"CAN",,,0x3C,,
"CAN",,,0x1D,,
"CAN",,,0x9A,,
"CAN",,,0x38,,
"CAN",,,0x33,,
"CAN",,,0x42,,
"CAN",,,0x00,,
"CAN",,,,0x0000000000007010,
"CAN",,,,,true
"CAN",0x0000000000000017,,,,
"CAN",,0x0000000000000008,,,
"CAN",,,0x7F,,
"CAN",,,0xFF,,
"CAN",,,0x87,,
"CAN",,,0xF0,,
"CAN",,,0x00,,
"CAN",,,0x3D,,
"CAN",,,0x68,,
"CAN",,,0x4A,,
"CAN",,,,0x000000000000001F,
"CAN",,,,,true
"CAN",0x0000000000000017,,,,
"CAN",,0x0000000000000008,,,
"CAN",,,0x17,,
"CAN",,,0x3C,,
"CAN",,,0x61,,
"CAN",,,0x9C,,
"CAN",,,0x38,,
"CAN",,,0x30,,
"CAN",,,0x42,,
"CAN",,,0x00,,
"CAN",,,,0x0000000000002452,
"CAN",,,,,true
"CAN",0x0000000000000017,,,,
"CAN",,0x0000000000000008,,,
"CAN",,,0x7F,,
"CAN",,,0xFF,,
"CAN",,,0x87,,
"CAN",,,0xF0,,
"CAN",,,0x00,,
"CAN",,,0x3D,,
"CAN",,,0x68,,
"CAN",,,0x4A,,
"CAN",,,,0x000000000000001F,
"CAN",,,,,true
"CAN",0x0000000000000017,,,,
"CAN",,0x0000000000000008,,,
"CAN",,,0x17,,
"CAN",,,0x3C,,
"CAN",,,0xA9,,
"CAN",,,0x9D,,
"CAN",,,0x08,,
"CAN",,,0x2F,,
"CAN",,,0x42,,
"CAN",,,0x00,,
"CAN",,,,0x00000000000044BB,
"CAN",,,,,true
"CAN",0x0000000000000017,,,,
"CAN",,0x0000000000000008,,,
"CAN",,,0x7F,,
"CAN",,,0xFF,,
"CAN",,,0x87,,
"CAN",,,0xF0,,
"CAN",,,0x00,,
"CAN",,,0x3D,,
"CAN",,,0x68,,
"CAN",,,0x4A,,
"CAN",,,,0x000000000000001F,
"CAN",,,,,true
"CAN",0x0000000000000017,,,,
"CAN",,0x0000000000000008,,,
"CAN",,,0x17,,
"CAN",,,0x3C,,
"CAN",,,0xF3,,
"CAN",,,0x9E,,
"CAN",,,0xB8,,
"CAN",,,0x2C,,
"CAN",,,0x42,,
"CAN",,,0x00,,
"CAN",,,,0x0000000000006AAD,
"CAN",,,,,true
"CAN",0x0000000000000017,,,,
"CAN",,0x0000000000000008,,,
"CAN",,,0x7F,,
"CAN",,,0xFF,,
"CAN",,,0x87,,
"CAN",,,0xF0,,
"CAN",,,0x00,,
"CAN",,,0x3D,,
"CAN",,,0x68,,
"CAN",,,0x4A,,
"CAN",,,,0x000000000000001F,
"CAN",,,,,true
"CAN",0x0000000000000017,,,,
"CAN",,0x0000000000000008,,,
"CAN",,,0x17,,
"CAN",,,0x3D,,
"CAN",,,0x41,,
"CAN",,,0xA0,,
"CAN",,,0xC8,,
"CAN",,,0x2C,,
"CAN",,,0x42,,
"CAN",,,0x00,,
"CAN",,,,0x00000000000073F4,
"CAN",,,,,true
"CAN",0x0000000000000017,,,,
"CAN",,0x0000000000000008,,,
"CAN",,,0x7F,,
"CAN",,,0xFF,,
"CAN",,,0x87,,
"CAN",,,0xF0,,
"CAN",,,0x00,,
"CAN",,,0x3D,,
"CAN",,,0x68,,
"CAN",,,0x4A,,
"CAN",,,,0x000000000000001F,
"CAN",,,,,true
"CAN",0x0000000000000017,,,,
"CAN",,0x0000000000000008,,,
"CAN",,,0x17,,
"CAN",,,0x3D,,
"CAN",,,0x92,,
"CAN",,,0x9F,,
"CAN",,,0x78,,
"CAN",,,0x2B,,
"CAN",,,0x42,,
"CAN",,,0x00,,
"CAN",,,,0x0000000000006B56,
"CAN",,,,,true
"CAN",0x0000000000000017,,,,
"CAN",,0x0000000000000008,,,
"CAN",,,0x7F,,
"CAN",,,0xFF,,
"CAN",,,0x87,,
"CAN",,,0xF0,,
"CAN",,,0x00,,
"CAN",,,0x3D,,
"CAN",,,0x68,,
"CAN",,,0x4A,,
"CAN",,,,0x000000000000001F,
"CAN",,,,,true
"CAN",0x0000000000000017,,,,
"CAN",,0x0000000000000008,,,
"CAN",,,0x17,,
"CAN",,,0x3D,,
"CAN",,,0xE5,,
"CAN",,,0xA2,,
"CAN",,,0xA8,,
"CAN",,,0x29,,
"CAN",,,0x42,,
"CAN",,,0x00,,
"CAN",,,,0x00000000000060F5,
"CAN",,,,,true
"CAN",0x0000000000000017,,,,
"CAN",,0x0000000000000008,,,
"CAN",,,0x7F,,
"CAN",,,0xFF,,
"CAN",,,0x87,,
"CAN",,,0xF0,,
"CAN",,,0x00,,
"CAN",,,0x3D,,
"CAN",,,0x68,,
"CAN",,,0x4A,,
"CAN",,,,0x000000000000001F,
"CAN",,,,,true
"CAN",0x0000000000000017,,,,
"CAN",,0x0000000000000008,,,
"CAN",,,0x17,,
"CAN",,,0x3E,,
"CAN",,,0x3A,,
"CAN",,,0xA1,,
"CAN",,,0x58,,
"CAN",,,0x2B,,
"CAN",,,0x42,,
"CAN",,,0x00,,
"CAN",,,,0x000000000000476F,
"CAN",,,,,true
"CAN",0x0000000000000017,,,,
"CAN",,0x0000000000000008,,,
"CAN",,,0x7F,,
"CAN",,,0xFF,,
"CAN",,,0x87,,
"CAN",,,0xF0,,
"CAN",,,0x00,,
"CAN",,,0x3D,,
"CAN",,,0x68,,
"CAN",,,0x4A,,
"CAN",,,,0x000000000000001F,
"CAN",,,,,true
"CAN",0x0000000000000017,,,,
"CAN",,0x0000000000000008,,,
"CAN",,,0x17,,
"CAN",,,0x3E,,
"CAN",,,0x92,,
"CAN",,,0xA2,,
"CAN",,,0xF8,,
"CAN",,,0x2A,,
"CAN",,,0x42,,
"CAN",,,0x00,,
"CAN",,,,0x0000000000001EA3,
"CAN",,,,,true
"CAN",0x0000000000000017,,,,
"CAN",,0x0000000000000008,,,
"CAN",,,0x7F,,
"CAN",,,0xFF,,
"CAN",,,0x87,,
"CAN",,,0xF0,,
"CAN",,,0x00,,
"CAN",,,0x3D,,
"CAN",,,0x68,,
"CAN",,,0x4A,,
"CAN",,,,0x000000000000001F,
"CAN",,,,,true
"CAN",0x0000000000000017,,,,
"CAN",,0x0000000000000008,,,
"CAN",,,0x17,,
"CAN",,,0x3E,,
"CAN",,,0xEC,,
"CAN",,,0xA4,,
"CAN",,,0x98,,
"CAN",,,0x2E,,
"CAN",,,0x42,,
"CAN",,,0x00,,
"CAN",,,,0x0000000000007D79,
"CAN",,,,,true
"CAN",0x0000000000000017,,,,
"CAN",,0x0000000000000008,,,
"CAN",,,0x7F,,
"CAN",,,0xFF,,
"CAN",,,0x87,,
"CAN",,,0xF0,,
"CAN",,,0x00,,
"CAN",,,0x3D,,
"CAN",,,0x68,,
"CAN",,,0x4A,,
"CAN",,,,0x000000000000001F,
"CAN",,,,,true
"CAN",0x0000000000000017,,,,
"CAN",,0x0000000000000008,,,
"CAN",,,0x17,,
"CAN",,,0x3F,,
"CAN",,,0x47,,
"CAN",,,0xA4,,
"CAN",,,0xC8,,
"CAN",,,0x2D,,
"CAN",,,0x42,,
"CAN",,,0x00,,
"CAN",,,,0x0000000000007AE1,
"CAN",,,,,true
"CAN",0x0000000000000017,,,,
"CAN",,0x0000000000000008,,,
"CAN",,,0x7F,,
"CAN",,,0xFF,,
"CAN",,,0x87,,
"CAN",,,0xF0,,
"CAN",,,0x00,,
"CAN",,,0x3D,,
"CAN",,,0x68,,
"CAN",,,0x4A,,
"CAN",,,,0x000000000000001F,
"CAN",,,,,true
"CAN",0x0000000000000017,,,,
"CAN",,0x0000000000000008,,,
"CAN",,,0x17,,
"CAN",,,0x3F,,
"CAN",,,0xA5,,
"CAN",,,0xA6,,
"CAN",,,0x48,,
"CAN",,,0x28,,
"CAN",,,0x42,,
"CAN",,,0x00,,
"CAN",,,,0x0000000000002701,
"CAN",,,,,true
"CAN",0x0000000000000017,,,,
"CAN",,0x0000000000000008,,,
"CAN",,,0x7F,,
"CAN",,,0xFF,,
"CAN",,,0x87,,
"CAN",,,0xF0,,
"CAN",,,0x00,,
"CAN",,,0x3D,,
"CAN",,,0x68,,
"CAN",,,0x4A,,
"CAN",,,,0x000000000000001F,
"CAN",,,,,true
"CAN",0x0000000000000017,,,,
"CAN",,0x0000000000000008,,,
"CAN",,,0x17,,
"CAN",,,0x40,,
"CAN",,,0x05,,
"CAN",,,0xA7,,
"CAN",,,0xB8,,
"CAN",,,0x26,,
"CAN",,,0x42,,
"CAN",,,0x00,,
"CAN",,,,0x000000000000077F,
"CAN",,,,,true
"CAN",0x0000000000000017,,,,
"CAN",,0x0000000000000008,,,
"CAN",,,0x7F,,
"CAN",,,0xFF,,
"CAN",,,0x87,,
"CAN",,,0xF0,,
"CAN",,,0x00,,
"CAN",,,0x3D,,
"CAN",,,0x68,,
"CAN",,,0x4A,,
"CAN",,,,0x000000000000001F,
"CAN",,,,,true
"CAN",0x0000000000000017,,,,
"CAN",,0x0000000000000008,,,
"CAN",,,0x17,,
"CAN",,,0x40,,
"CAN",,,0x66,,
"CAN",,,0xA8,,
"CAN",,,0xE8,,
"CAN",,,0x2C,,
"CAN",,,0x42,,
"CAN",,,0x00,,
"CAN",,,,0x000000000000443F,
"CAN",,,,,true
"CAN",0x0000000000000017,,,,
"CAN",,0x0000000000000008,,,
"CAN",,,0x7F,,
"CAN",,,0xFF,,
"CAN",,,0x87,,
"CAN",,,0xF0,,
"CAN",,,0x00,,
"CAN",,,0x3D,,
"CAN",,,0x68,,
"CAN",,,0x4A,,
"CAN",,,,0x000000000000001F,
"CAN",,,,,true
"CAN",0x0000000000000017,,,,
"CAN",,0x0000000000000008,,,
"CAN",,,0x17,,
"CAN",,,0x40,,
"CAN",,,0xC8,,
"CAN",,,0xA6,,
"CAN",,,0xE8,,
"CAN",,,0x26,,
"CAN",,,0x42,,
"CAN",,,0x00,,
"CAN",,,,0x0000000000003AB4,
"CAN",,,,,true
"CAN",0x0000000000000017,,,,
"CAN",,0x0000000000000008,,,
"CAN",,,0x7F,,
"CAN",,,0xFF,,
"CAN",,,0x87,,
"CAN",,,0xF0,,
"CAN",,,0x00,,
"CAN",,,0x3D,,
"CAN",,,0x68,,
"CAN",,,0x4A,,
"CAN",,,,0x000000000000001F,
"CAN",,,,,true
"CAN",0x0000000000000017,,,,
"CAN",,0x0000000000000008,,,
"CAN",,,0x17,,
"CAN",,,0x41,,
"CAN",,,0x2C,,
"CAN",,,0xA7,,
"CAN",,,0xD8,,
"CAN",,,0x28,,
"CAN",,,0x42,,
"CAN",,,0x00,,
"CAN",,,,0x000000000000652F,
"CAN",,,,,true
"CAN",0x0000000000000017,,,,
"CAN",,0x0000000000000008,,,
"CAN",,,0x7F,,
"CAN",,,0xFF,,
"CAN",,,0x87,,
"CAN",,,0xF0,,
"CAN",,,0x00,,
"CAN",,,0x3D,,
"CAN",,,0x68,,
"CAN",,,0x4A,,
"CAN",,,,0x000000000000001F,
"CAN",,,,,true
"CAN",0x0000000000000017,,,,
"CAN",,0x0000000000000008,,,
"CAN",,,0x17,,
"CAN",,,0x41,,
"CAN",,,0x91,,
"CAN",,,0xA9,,
"CAN",,,0x78,,
"CAN",,,0x1F,,
"CAN",,,0x42,,
"CAN",,,0x00,,
"CAN",,,,0x00000000000067FC,
"CAN",,,,,true
"CAN",0x0000000000000017,,,,
"CAN",,0x0000000000000008,,,
"CAN",,,0x7F,,
"CAN",,,0xFF,,
"CAN",,,0x87,,
"CAN",,,0xF0,,
"CAN",,,0x00,,
"CAN",,,0x3D,,
"CAN",,,0x68,,
"CAN",,,0x4A,,
"CAN",,,,0x000000000000001F,
"CAN",,,,,true
"CAN",0x0000000000000017,,,,
"CAN",,0x0000000000000008,,,
"CAN",,,0x17,,
"CAN",,,0x41,,
"CAN",,,0xF7,,
"CAN",,,0xAA,,
"CAN",,,0xE8,,
"CAN",,,0x2A,,
"CAN",,,0x42,,
"CAN",,,0x00,,
"CAN",,,,0x00000000000078FE,
"CAN",,,,,true
"CAN",0x0000000000000017,,,,
"CAN",,0x0000000000000008,,,
"CAN",,,0x7F,,
"CAN",,,0xFF,,
"CAN",,,0x87,,
"CAN",,,0xF0,,
"CAN",,,0x00,,
"CAN",,,0x3D,,
"CAN",,,0x68,,
"CAN",,,0x4A,,
"CAN",,,,0x000000000000001F,
"CAN",,,,,true
"CAN",0x0000000000000017,,,,
"CAN",,0x0000000000000008,,,
"CAN",,,0x17,,
"CAN",,,0x42,,
"CAN",,,0x5D,,
"CAN",,,0xAA,,
"CAN",,,0x08,,
"CAN",,,0x20,,
"CAN",,,0x42,,
"CAN",,,0x00,,
"CAN",,,,0x00000000000030C3,
"CAN",,,,,true
"CAN",0x0000000000000017,,,,
"CAN",,0x0000000000000008,,,
"CAN",,,0x7F,,
"CAN",,,0xFF,,
"CAN",,,0x87,,
"CAN",,,0xF0,,
"CAN",,,0x00,,
"CAN",,,0x3D,,
"CAN",,,0x68,,
"CAN",,,0x4A,,
"CAN",,,,0x000000000000001F,
"CAN",,,,,true
"CAN",0x0000000000000017,,,,
"CAN",,0x0000000000000008,,,
"CAN",,,0x17,,
"CAN",,,0x42,,
"CAN",,,0xC5,,
"CAN",,,0xAC,,
"CAN",,,0x18,,
"CAN",,,0x2D,,
"CAN",,,0x42,,
"CAN",,,0x00,,
"CAN",,,,0x000000000000267E,
"CAN",,,,,true
"CAN",0x0000000000000017,,,,
"CAN",,0x0000000000000008,,,
"CAN",,,0x7F,,
"CAN",,,0xFF,,
"CAN",,,0x87,,
"CAN",,,0xF0,,
"CAN",,,0x00,,
"CAN",,,0x3D,,
"CAN",,,0x68,,
"CAN",,,0x4A,,
"CAN",,,,0x000000000000001F,
"CAN",,,,,true
"CAN",0x0000000000000017,,,,
"CAN",,0x0000000000000008,,,
"CAN",,,0x17,,
"CAN",,,0x43,,
"CAN",,,0x2D,,
"CAN",,,0xA8,,
"CAN",,,0xC8,,
"CAN",,,0x27,,
"CAN",,,0x42,,
"CAN",,,0x00,,
"CAN",,,,0x0000000000002B47,
"CAN",,,,,true
"CAN",0x0000000000000017,,,,
"CAN",,0x0000000000000008,,,
"CAN",,,0x7F,,
"CAN",,,0xFF,,
"CAN",,,0x87,,
"CAN",,,0xF0,,
"CAN",,,0x00,,
"CAN",,,0x3D,,
"CAN",,,0x68,,
"CAN",,,0x4A,,
"CAN",,,,0x000000000000001F,
"CAN",,,,,true
"CAN",0x0000000000000017,,,,
"CAN",,0x0000000000000008,,,
"CAN",,,0x17,,
"CAN",,,0x43,,
"CAN",,,0x96,,
"CAN",,,0xA9,,
"CAN",,,0xD8,,
"CAN",,,0x28,,
"CAN",,,0x42,,
"CAN",,,0x00,,
"CAN",,,,0x0000000000005571,
"CAN",,,,,true
"CAN",0x0000000000000017,,,,
"CAN",,0x0000000000000008,,,
"CAN",,,0x7F,,
"CAN",,,0xFF,,
"CAN",,,0x87,,
"CAN",,,0xF0,,
"CAN",,,0x00,,
"CAN",,,0x3D,,
"CAN",,,0x68,,
"CAN",,,0x4A,,
"CAN",,,,0x000000000000001F,
"CAN",,,,,true
"CAN",0x0000000000000017,,,,
"CAN",,0x0000000000000008,,,
"CAN",,,0x17,,
"CAN",,,0x43,,
"CAN",,,0xFF,,
"CAN",,,0xA9,,
"CAN",,,0x78,,
"CAN",,,0x1F,,
"CAN",,,0x42,,
"CAN",,,0x00,,
"CAN",,,,0x0000000000000411,
"CAN",,,,,true
"CAN",0x0000000000000017,,,,
"CAN",,0x0000000000000008,,,
"CAN",,,0x7F,,
"CAN",,,0xFF,,
"CAN",,,0x87,,
"CAN",,,0xF0,,
"CAN",,,0x00,,
"CAN",,,0x3D,,
"CAN",,,0x68,,
"CAN",,,0x4A,,
"CAN",,,,0x000000000000001F,
"CAN",,,,,true
"CAN",0x0000000000000017,,,,
"CAN",,0x0000000000000008,,,
"CAN",,,0x17,,
"CAN",,,0x44,,
"CAN",,,0x69,,
"CAN",,,0xAA,,
"CAN",,,0xB8,,
"CAN",,,0x29,,
"CAN",,,0x42,,
"CAN",,,0x00,,
"CAN",,,,0x0000000000003483,
"CAN",,,,,true
"CAN",0x0000000000000017,,,,
"CAN",,0x0000000000000008,,,
"CAN",,,0x7F,,
"CAN",,,0xFF,,
"CAN",,,0x87,,
"CAN",,,0xF0,,
"CAN",,,0x00,,
"CAN",,,0x3D,,
"CAN",,,0x68,,
"CAN",,,0x4A,,
"CAN",,,,0x000000000000001F,
"CAN",,,,,true
"CAN",0x0000000000000017,,,,
"CAN",,0x0000000000000008,,,
"CAN",,,0x17,,
"CAN",,,0x44,,
"CAN",,,0xD4,,
"CAN",,,0xAB,,
"CAN",,,0xC8,,
"CAN",,,0x1C,,
"CAN",,,0x42,,
"CAN",,,0x00,,
"CAN",,,,0x0000000000000D4A,
"CAN",,,,,true
"CAN",0x0000000000000017,,,,
"CAN",,0x0000000000000008,,,
"CAN",,,0x7F,,
"CAN",,,0xFF,,
"CAN",,,0x87,,
"CAN",,,0xF0,,
"CAN",,,0x00,,
"CAN",,,0x3D,,
"CAN",,,0x68,,
"CAN",,,0x4A,,
"CAN",,,,0x000000000000001F,
"CAN",,,,,true
"CAN",0x0000000000000017,,,,
"CAN",,0x0000000000000008,,,
"CAN",,,0x17,,
"CAN",,,0x45,,
"CAN",,,0x3E,,
"CAN",,,0xAC,,
"CAN",,,0xF8,,
"CAN",,,0x26,,
"CAN",,,0x42,,
"CAN",,,0x00,,
"CAN",,,,0x0000000000001785,
"CAN",,,,,true
"CAN",0x0000000000000017,,,,
"CAN",,0x0000000000000008,,,
"CAN",,,0x7F,,
"CAN",,,0xFF,,
"CAN",,,0x87,,
"CAN",,,0xF0,,
"CAN",,,0x00,,
"CAN",,,0x3D,,
"CAN",,,0x68,,
"CAN",,,0x4A,,
"CAN",,,,0x000000000000001F,
"CAN",,,,,true
"CAN",0x0000000000000017,,,,
"CAN",,0x0000000000000008,,,
"CAN",,,0x17,,
"CAN",,,0x45,,
"CAN",,,0xA9,,
"CAN",,,0xAB,,
"CAN",,,0xD8,,
"CAN",,,0x1D,,
"CAN",,,0x42,,
"CAN",,,0x00,,
"CAN",,,,0x0000000000006E8D,
"CAN",,,,,true
"CAN",0x0000000000000017,,,,
"CAN",,0x0000000000000008,,,
"CAN",,,0x7F,,
"CAN",,,0xFF,,
"CAN",,,0x87,,
"CAN",,,0xF0,,
"CAN",,,0x00,,
"CAN",,,0x3D,,
"CAN",,,0x68,,
"CAN",,,0x4A,,
"CAN",,,,0x000000000000001F,
"CAN",,,,,true
"CAN",0x0000000000000017,,,,
"CAN",,0x0000000000000008,,,
"CAN",,,0x17,,
"CAN",,,0x46,,
"CAN",,,0x15,,
"CAN",,,0xAC,,
"CAN",,,0xF8,,
"CAN",,,0x2A,,
"CAN",,,0x42,,
"CAN",,,0x00,,
"CAN",,,,0x0000000000005040,
"CAN",,,,,true
"CAN",0x0000000000000017,,,,
"CAN",,0x0000000000000008,,,
"CAN",,,0x7F,,
"CAN",,,0xFF,,
"CAN",,,0x87,,
"CAN",,,0xF0,,
"CAN",,,0x00,,
"CAN",,,0x3D,,
"CAN",,,0x68,,
"CAN",,,0x4A,,
"CAN",,,,0x000000000000001F,
"CAN",,,,,true
"CAN",0x0000000000000017,,,,
"CAN",,0x0000000000000008,,,
"CAN",,,0x17,,
"CAN",,,0x46,,
"CAN",,,0x80,,
"CAN",,,0xAA,,
"CAN",,,0x08,,
"CAN",,,0x26,,
"CAN",,,0x42,,
"CAN",,,0x00,,
"CAN",,,,0x000000000000427F,
"CAN",,,,,true
"CAN",0x0000000000000017,,,,
"CAN",,0x0000000000000008,,,
"CAN",,,0x7F,,
"CAN",,,0xFF,,
"CAN",,,0x87,,
"CAN",,,0xF0,,
"CAN",,,0x00,,
"CAN",,,0x3D,,
"CAN",,,0x68,,
"CAN",,,0x4A,,
"CAN",,,,0x000000000000001F,
"CAN",,,,,true
"CAN",0x0000000000000017,,,,
"CAN",,0x0000000000000008,,,
"CAN",,,0x17,,
"CAN",,,0x46,,
"CAN",,,0xEB,,
"CAN",,,0xAA,,
"CAN",,,0xC8,,
"CAN",,,0x28,,
"CAN",,,0x42,,
"CAN",,,0x00,,
"CAN",,,,0x00000000000079F5,
"CAN",,,,,true
"CAN",0x0000000000000017,,,,
"CAN",,0x0000000000000008,,,
"CAN",,,0x7F,,
"CAN",,,0xFF,,
"CAN",,,0x87,,
"CAN",,,0xF0,,
"CAN",,,0x00,,
"CAN",,,0x3D,,
"CAN",,,0x68,,
"CAN",,,0x4A,,
"CAN",,,,0x000000000000001F,
"CAN",,,,,true
"CAN",0x0000000000000017,,,,
"CAN",,0x0000000000000008,,,
"CAN",,,0x17,,
"CAN",,,0x47,,
"CAN",,,0x56,,
"CAN",,,0xA9,,
"CAN",,,0xE8,,
"CAN",,,0x1E,,
"CAN",,,0x42,,
"CAN",,,0x00,,
"CAN",,,,0x00000000000014E9,
"CAN",,,,,true
"CAN",0x0000000000000017,,,,
"CAN",,0x0000000000000008,,,
"CAN",,,0x7F,,
"CAN",,,0xFF,,
"CAN",,,0x87,,
"CAN",,,0xF0,,
"CAN",,,0x00,,
"CAN",,,0x3D,,
"CAN",,,0x68,,
"CAN",,,0x4A,,
"CAN",,,,0x000000000000001F,
"CAN",,,,,true
"CAN",0x0000000000000017,,,,
"CAN",,0x0000000000000008,,,
"CAN",,,0x17,,
"CAN",,,0x47,,
"CAN",,,0xC2,,
"CAN",,,0xAB,,
"CAN",,,0x58,,
"CAN",,,0x22,,
"CAN",,,0x42,,
"CAN",,,0x00,,
"CAN",,,,0x000000000000756E,
"CAN",,,,,true
"CAN",0x0000000000000017,,,,
"CAN",,0x0000000000000008,,,
"CAN",,,0x7F,,
"CAN",,,0xFF,,
"CAN",,,0x87,,
"CAN",,,0xF0,,
"CAN",,,0x00,,
"CAN",,,0x3D,,
"CAN",,,0x68,,
"CAN",,,0x4A,,
"CAN",,,,0x000000000000001F,
"CAN",,,,,true
"CAN",0x0000000000000017,,,,
"CAN",,0x0000000000000008,,,
"CAN",,,0x17,,
"CAN",,,0x48,,
"CAN",,,0x2E,,
"CAN",,,0xAB,,
"CAN",,,0xC8,,
"CAN",,,0x1F,,
"CAN",,,0x42,,
"CAN",,,0x00,,
"CAN",,,,0x000000000000684C,
"CAN",,,,,true
"CAN",0x0000000000000017,,,,
"CAN",,0x0000000000000008,,,
"CAN",,,0x7F,,
"CAN",,,0xFF,,
"CAN",,,0x87,,
"CAN",,,0xF0,,
"CAN",,,0x00,,
"CAN",,,0x3D,,
"CAN",,,0x68,,
"CAN",,,0x4A,,
"CAN",,,,0x000000000000001F,
"CAN",,,,,true
"CAN",0x0000000000000017,,,,
"CAN",,0x0000000000000008,,,
"CAN",,,0x17,,
"CAN",,,0x48,,
"CAN",,,0x9A,,
"CAN",,,0xAD,,
"CAN",,,0x08,,
"CAN",,,0x23,,
"CAN",,,0x42,,
"CAN",,,0x00,,
"CAN",,,,0x0000000000007A91,
"CAN",,,,,true
"CAN",0x0000000000000017,,,,
"CAN",,0x0000000000000008,,,
"CAN",,,0x7F,,
"CAN",,,0xFF,,
"CAN",,,0x87,,
"CAN",,,0xF0,,
"CAN",,,0x00,,
"CAN",,,0x3D,,
"CAN",,,0x68,,
"CAN",,,0x4A,,
"CAN",,,,0x000000000000001F,
"CAN",,,,,true
"CAN",0x0000000000000017,,,,
"CAN",,0x0000000000000008,,,
"CAN",,,0x17,,
"CAN",,,0x49,,
"CAN",,,0x06,,
"CAN",,,0xAA,,
"CAN",,,0x38,,
"CAN",,,0x21,,
"CAN",,,0x42,,
"CAN",,,0x00,,
"CAN",,,,0x0000000000004462,
"CAN",,,,,true
"CAN",0x0000000000000017,,,,
"CAN",,0x0000000000000008,,,
"CAN",,,0x7F,,
"CAN",,,0xFF,,
"CAN",,,0x87,,
"CAN",,,0xF0,,
"CAN",,,0x00,,
"CAN",,,0x3D,,
"CAN",,,0x68,,
"CAN",,,0x4A,,
"CAN",,,,0x000000000000001F,
"CAN",,,,,true
"CAN",0x0000000000000017,,,,
"CAN",,0x0000000000000008,,,
"CAN",,,0x17,,
"CAN",,,0x49,,
"CAN",,,0x72,,
"CAN",,,0xAA,,
"CAN",,,0x98,,
"CAN",,,0x30,,
"CAN",,,0x42,,
"CAN",,,0x00,,
"CAN",,,,0x0000000000004399,
"CAN",,,,,true
"CAN",0x0000000000000017,,,,
"CAN",,0x0000000000000008,,,
"CAN",,,0x7F,,
"CAN",,,0xFF,,
"CAN",,,0x87,,
"CAN",,,0xF0,,
"CAN",,,0x00,,
"CAN",,,0x3D,,
"CAN",,,0x68,,
"CAN",,,0x4A,,
"CAN",,,,0x000000000000001F,
"CAN",,,,,true
"CAN",0x0000000000000017,,,,
"CAN",,0x0000000000000008,,,
"CAN",,,0x17,,
"CAN",,,0x49,,
"CAN",,,0xDE,,
"CAN",,,0xAB,,
"CAN",,,0xC8,,
"CAN",,,0x1F,,
"CAN",,,0x42,,
"CAN",,,0x00,,
"CAN",,,,0x00000000000014BC,
"CAN",,,,,true
"CAN",0x0000000000000017,,,,
"CAN",,0x0000000000000008,,,
"CAN",,,0x7F,,
"CAN",,,0xFF,,
"CAN",,,0x87,,
"CAN",,,0xF0,,
"CAN",,,0x00,,
"CAN",,,0x3D,,
"CAN",,,0x68,,
"CAN",,,0x4A,,
"CAN",,,,0x000000000000001F,
"CAN",,,,,true
"CAN",0x0000000000000017,,,,
"CAN",,0x0000000000000008,,,
"CAN",,,0x17,,
"CAN",,,0x4A,,
"CAN",,,0x4A,,
"CAN",,,0xAB,,
"CAN",,,0x58,,
"CAN",,,0x27,,
"CAN",,,0x42,,
"CAN",,,0x00,,
"CAN",,,,0x00000000000067E7,
"CAN",,,,,true
"CAN",0x0000000000000017,,,,
"CAN",,0x0000000000000008,,,
"CAN",,,0x7F,,
"CAN",,,0xFF,,
"CAN",,,0x87,,
"CAN",,,0xF0,,
"CAN",,,0x00,,
"CAN",,,0x3D,,
"CAN",,,0x68,,
"CAN",,,0x4A,,
"CAN",,,,0x000000000000001F,
"CAN",,,,,true
"CAN",0x0000000000000017,,,,
"CAN",,0x0000000000000008,,,
"CAN",,,0x17,,
"CAN",,,0x4A,,
"CAN",,,0xB6,,
"CAN",,,0xAC,,
"CAN",,,0x08,,
"CAN",,,0x20,,
"CAN",,,0x42,,
"CAN",,,0x00,,
"CAN",,,,0x0000000000003B93,
"CAN",,,,,true
"CAN",0x0000000000000017,,,,
"CAN",,0x0000000000000008,,,
"CAN",,,0x7F,,
"CAN",,,0xFF,,
"CAN",,,0x87,,
"CAN",,,0xF0,,
"CAN",,,0x00,,
"CAN",,,0x3D,,
"CAN",,,0x68,,
"CAN",,,0x4A,,
"CAN",,,,0x000000000000001F,
"CAN",,,,,true
"CAN",0x0000000000000017,,,,
"CAN",,0x0000000000000008,,,
"CAN",,,0x17,,
"CAN",,,0x4B,,
"CAN",,,0x22,,
"CAN",,,0xAD,,
"CAN",,,0x08,,
"CAN",,,0x28,,
"CAN",,,0x42,,
"CAN",,,0x00,,
"CAN",,,,0x00000000000031E1,
"CAN",,,,,true
"CAN",0x0000000000000017,,,,
"CAN",,0x0000000000000008,,,
"CAN",,,0x7F,,
"CAN",,,0xFF,,
"CAN",,,0x87,,
"CAN",,,0xF0,,
"CAN",,,0x00,,
"CAN",,,0x3D,,
"CAN",,,0x68,,
"CAN",,,0x4A,,
"CAN",,,,0x000000000000001F,
"CAN",,,,,true
"CAN",0x0000000000000017,,,,
"CAN",,0x0000000000000008,,,
"CAN",,,0x17,,
"CAN",,,0x4B,,
"CAN",,,0x8D,,
"CAN",,,0xAA,,
"CAN",,,0x08,,
"CAN",,,0x25,,
"CAN",,,0x42,,
"CAN",,,0x00,,
"CAN",,,,0x000000000000014D,
"CAN",,,,,true
"CAN",0x0000000000000017,,,,
"CAN",,0x0000000000000008,,,
"CAN",,,0x7F,,
"CAN",,,0xFF,,
"CAN",,,0x87,,
"CAN",,,0xF0,,
"CAN",,,0x00,,
"CAN",,,0x3D,,
"CAN",,,0x68,,
"CAN",,,0x4A,,
"CAN",,,,0x000000000000001F,
"CAN",,,,,true
"CAN",0x0000000000000017,,,,
"CAN",,0x0000000000000008,,,
"CAN",,,0x17,,
"CAN",,,0x4B,,
"CAN",,,0xF9,,
"CAN",,,0xAA,,
"CAN",,,0xC8,,
"CAN",,,0x25,,
"CAN",,,0x42,,
"CAN",,,0x00,,
"CAN",,,,0x0000000000000086,
"CAN",,,,,true
"CAN",0x0000000000000017,,,,
"CAN",,0x0000000000000008,,,
"CAN",,,0x7F,,
"CAN",,,0xFF,,
"CAN",,,0x87,,
"CAN",,,0xF0,,
"CAN",,,0x00,,
"CAN",,,0x3D,,
"CAN",,,0x68,,
"CAN",,,0x4A,,
"CAN",,,,0x000000000000001F,
"CAN",,,,,true
"CAN",0x0000000000000017,,,,
"CAN",,0x0000000000000008,,,
"CAN",,,0x17,,
"CAN",,,0x4C,,
"CAN",,,0x65,,
"CAN",,,0xA9,,
"CAN",,,0xD8,,
"CAN",,,0x20,,
"CAN",,,0x42,,
"CAN",,,0x00,,
"CAN",,,,0x0000000000004350,
"CAN",,,,,true
"CAN",0x0000000000000017,,,,
"CAN",,0x0000000000000008,,,
"CAN",,,0x7F,,
"CAN",,,0xFF,,
"CAN",,,0x87,,
"CAN",,,0xF0,,
"CAN",,,0x00,,
"CAN",,,0x3D,,
"CAN",,,0x68,,
"CAN",,,0x4A,,
"CAN",,,,0x000000000000001F,
"CAN",,,,,true
"CAN",0x0000000000000017,,,,
"CAN",,0x0000000000000008,,,
"CAN",,,0x17,,
"CAN",,,0x4C,,
"CAN",,,0xD1,,
"CAN",,,0xAA,,
"CAN",,,0x68,,
"CAN",,,0x20,,
"CAN",,,0x42,,
"CAN",,,0x00,,
"CAN",,,,0x0000000000002B81,
"CAN",,,,,true
"CAN",0x0000000000000017,,,,
"CAN",,0x0000000000000008,,,
"CAN",,,0x7F,,
"CAN",,,0xFF,,
"CAN",,,0x87,,
"CAN",,,0xF0,,
"CAN",,,0x00,,
"CAN",,,0x3D,,
"CAN",,,0x68,,
"CAN",,,0x4A,,
"CAN",,,,0x000000000000001F,
"CAN",,,,,true
"CAN",0x0000000000000017,,,,
"CAN",,0x0000000000000008,,,
"CAN",,,0x17,,
"CAN",,,0x4D,,
"CAN",,,0x3C,,
"CAN",,,0xAB,,
"CAN",,,0xB8,,
"CAN",,,0x26,,
"CAN",,,0x42,,
"CAN",,,0x00,,
"CAN",,,,0x0000000000002B61,
"CAN",,,,,true
"CAN",0x0000000000000017,,,,
"CAN",,0x0000000000000008,,,
"CAN",,,0x7F,,
"CAN",,,0xFF,,
"CAN",,,0x87,,
"CAN",,,0xF0,,
"CAN",,,0x00,,
"CAN",,,0x3D,,
"CAN",,,0x68,,
"CAN",,,0x4A,,
"CAN",,,,0x000000000000001F,
"CAN",,,,,true
"CAN",0x0000000000000017,,,,
"CAN",,0x0000000000000008,,,
"CAN",,,0x17,,
"CAN",,,0x4D,,
"CAN",,,0xA8,,
"CAN",,,0xAC,,
"CAN",,,0x48,,
"CAN",,,0x20,,
"CAN",,,0x42,,
"CAN",,,0x00,,
"CAN",,,,0x0000000000003676,
"CAN",,,,,true
"CAN",0x0000000000000017,,,,
"CAN",,0x0000000000000008,,,
"CAN",,,0x7F,,
"CAN",,,0xFF,,
"CAN",,,0x87,,
"CAN",,,0xF0,,
"CAN",,,0x00,,
"CAN",,,0x3D,,
"CAN",,,0x68,,
"CAN",,,0x4A,,
"CAN",,,,0x000000000000001F,
"CAN",,,,,true
"CAN",0x0000000000000017,,,,
"CAN",,0x0000000000000008,,,
"CAN",,,0x17,,
"CAN",,,0x4E,,
"CAN",,,0x13,,
"CAN",,,0xAB,,
"CAN",,,0xC8,,
"CAN",,,0x23,,
"CAN",,,0x42,,
"CAN",,,0x00,,
"CAN",,,,0x00000000000046E8,
"CAN",,,,,true
"CAN",0x0000000000000017,,,,
"CAN",,0x0000000000000008,,,
"CAN",,,0x7F,,
"CAN",,,0xFF,,
"CAN",,,0x87,,
"CAN",,,0xF0,,
"CAN",,,0x00,,
"CAN",,,0x3D,,
"CAN",,,0x68,,
"CAN",,,0x4A,,
"CAN",,,,0x000000000000001F,
"CAN",,,,,true
"CAN",0x0000000000000017,,,,
"CAN",,0x0000000000000008,,,
"CAN",,,0x17,,
"CAN",,,0x4E,,
"CAN",,,0x7F,,
"CAN",,,0xAC,,
"CAN",,,0x68,,
"CAN",,,0x1B,,
"CAN",,,0x42,,
"CAN",,,0x00,,
"CAN",,,,0x00000000000045BD,
"CAN",,,,,true
"CAN",0x0000000000000017,,,,
"CAN",,0x0000000000000008,,,
"CAN",,,0x7F,,
"CAN",,,0xFF,,
"CAN",,,0x87,,
"CAN",,,0xF0,,
"CAN",,,0x00,,
"CAN",,,0x3D,,
"CAN",,,0x68,,
"CAN",,,0x4A,,
"CAN",,,,0x000000000000001F,
"CAN",,,,,true
"CAN",0x0000000000000017,,,,
"CAN",,0x0000000000000008,,,
"CAN",,,0x17,,
"CAN",,,0x4E,,
"CAN",,,0xE9,,
"CAN",,,0xA9,,
"CAN",,,0x38,,
"CAN",,,0x25,,
"CAN",,,0x42,,
"CAN",,,0x00,,
"CAN",,,,0x0000000000006213,
"CAN",,,,,true
"CAN",0x0000000000000017,,,,
"CAN",,0x0000000000000008,,,
"CAN",,,0x7F,,
"CAN",,,0xFF,,
"CAN",,,0x87,,
"CAN",,,0xF0,,
"CAN",,,0x00,,
"CAN",,,0x3D,,
"CAN",,,0x68,,
"CAN",,,0x4A,,
"CAN",,,,0x000000000000001F,
"CAN",,,,,true
"CAN",0x0000000000000017,,,,
"CAN",,0x0000000000000008,,,
"CAN",,,0x17,,
"CAN",,,0x4F,,
"CAN",,,0x55,,
"CAN",,,0xAA,,
"CAN",,,0x18,,
"CAN",,,0x1C,,
"CAN",,,0x42,,
"CAN",,,0x00,,
"CAN",,,,0x0000000000005CB9,
"CAN",,,,,true
"CAN",0x0000000000000017,,,,
"CAN",,0x0000000000000008,,,
"CAN",,,0x7F,,
"CAN",,,0xFF,,
"CAN",,,0x87,,
"CAN",,,0xF0,,
"CAN",,,0x00,,
"CAN",,,0x3D,,
"CAN",,,0x68,,
"CAN",,,0x4A,,
"CAN",,,,0x000000000000001F,
"CAN",,,,,true
"CAN",0x0000000000000017,,,,
"CAN",,0x0000000000000008,,,
"CAN",,,0x17,,
"CAN",,,0x4F,,
"CAN",,,0xBF,,
"CAN",,,0xA9,,
"CAN",,,0xC8,,
"CAN",,,0x25,,
"CAN",,,0x42,,
"CAN",,,0x00,,
"CAN",,,,0x00000000000057C3,
"CAN",,,,,true
"CAN",0x0000000000000017,,,,
"CAN",,0x0000000000000008,,,
"CAN",,,0x7F,,
"CAN",,,0xFF,,
"CAN",,,0x87,,
"CAN",,,0xF0,,
"CAN",,,0x00,,
"CAN",,,0x3D,,
"CAN",,,0x68,,
"CAN",,,0x4A,,
"CAN",,,,0x000000000000001F,
"CAN",,,,,true
"CAN",0x0000000000000017,,,,
"CAN",,0x0000000000000008,,,
"CAN",,,0x17,,
"CAN",,,0x50,,
"CAN",,,0x2B,,
"CAN",,,0xAA,,
"CAN",,,0x18,,
"CAN",,,0x1D,,
"CAN",,,0x42,,
"CAN",,,0x00,,
"CAN",,,,0x0000000000006733,
"CAN",,,,,true
"CAN",0x0000000000000017,,,,
"CAN",,0x0000000000000008,,,
"CAN",,,0x7F,,
"CAN",,,0xFF,,
"CAN",,,0x87,,
"CAN",,,0xF0,,
"CAN",,,0x00,,
"CAN",,,0x3D,,
"CAN",,,0x68,,
"CAN",,,0x4A,,
"CAN",,,,0x000000000000001F,
"CAN",,,,,true
"CAN",0x0000000000000017,,,,
"CAN",,0x0000000000000008,,,
"CAN",,,0x17,,
"CAN",,,0x50,,
"CAN",,,0x96,,
"CAN",,,0xAB,,
"CAN",,,0x28,,
"CAN",,,0x24,,
"CAN",,,0x42,,
"CAN",,,0x00,,
"CAN",,,,0x0000000000005F3F,
"CAN",,,,,true
"CAN",0x0000000000000017,,,,
"CAN",,0x0000000000000008,,,
"CAN",,,0x7F,,
"CAN",,,0xFF,,
"CAN",,,0x87,,
"CAN",,,0xF0,,
"CAN",,,0x00,,
"CAN",,,0x3D,,
"CAN",,,0x68,,
"CAN",,,0x4A,,
"CAN",,,,0x000000000000001F,
"CAN",,,,,true
"CAN",0x0000000000000017,,,,
"CAN",,0x0000000000000008,,,
"CAN",,,0x17,,
"CAN",,,0x51,,
"CAN",,,0x01,,
"CAN",,,0xAC,,
"CAN",,,0x38,,
"CAN",,,0x22,,
"CAN",,,0x42,,
"CAN",,,0x00,,
"CAN",,,,0x00000000000030DE,
"CAN",,,,,true
"CAN",0x0000000000000017,,,,
"CAN",,0x0000000000000008,,,
"CAN",,,0x7F,,
"CAN",,,0xFF,,
"CAN",,,0x87,,
"CAN",,,0xF0,,
"CAN",,,0x00,,
"CAN",,,0x3D,,
"CAN",,,0x68,,
"CAN",,,0x4A,,
"CAN",,,,0x000000000000001F,
"CAN",,,,,true
"CAN",0x0000000000000017,,,,
"CAN",,0x0000000000000008,,,
"CAN",,,0x17,,
"CAN",,,0x51,,
"CAN",,,0x6C,,
"CAN",,,0xAC,,
"CAN",,,0xF8,,
"CAN",,,0x2E,,
"CAN",,,0x42,,
"CAN",,,0x00,,
"CAN",,,,0x0000000000006A0D,
"CAN",,,,,true
"CAN",0x0000000000000017,,,,
"CAN",,0x0000000000000008,,,
"CAN",,,0x7F,,
"CAN",,,0xFF,,
"CAN",,,0x87,,
"CAN",,,0xF0,,
"CAN",,,0x00,,
"CAN",,,0x3D,,
"CAN",,,0x68,,
"CAN",,,0x4A,,
"CAN",,,,0x000000000000001F,
"CAN",,,,,true
"CAN",0x0000000000000017,,,,
"CAN",,0x0000000000000008,,,
"CAN",,,0x17,,
"CAN",,,0x51,,
"CAN",,,0xD7,,
"CAN",,,0xA9,,
"CAN",,,0xE8,,
"CAN",,,0x20,,
"CAN",,,0x42,,
"CAN",,,0x00,,
"CAN",,,,0x00000000000070BD,
"CAN",,,,,true
"CAN",0x0000000000000017,,,,
"CAN",,0x0000000000000008,,,
"CAN",,,0x7F,,
"CAN",,,0xFF,,
"CAN",,,0x87,,
"CAN",,,0xF0,,
"CAN",,,0x00,,
"CAN",,,0x3D,,
"CAN",,,0x68,,
"CAN",,,0x4A,,
"CAN",,,,0x000000000000001F,
"CAN",,,,,true
"CAN",0x0000000000000017,,,,
"CAN",,0x0000000000000008,,,
"CAN",,,0x17,,
"CAN",,,0x52,,
"CAN",,,0x43,,
"CAN",,,0xAB,,
"CAN",,,0x48,,
"CAN",,,0x23,,
"CAN",,,0x42,,
"CAN",,,0x00,,
"CAN",,,,0x00000000000007E4,
"CAN",,,,,true
"CAN",0x0000000000000017,,,,
"CAN",,0x0000000000000008,,,
"CAN",,,0x7F,,
"CAN",,,0xFF,,
"CAN",,,0x87,,
"CAN",,,0xF0,,
"CAN",,,0x00,,
"CAN",,,0x3D,,
"CAN",,,0x68,,
"CAN",,,0x4A,,
"CAN",,,,0x000000000000001F,
"CAN",,,,,true
"CAN",0x0000000000000017,,,,
"CAN",,0x0000000000000008,,,
"CAN",,,0x17,,
"CAN",,,0x52,,
"CAN",,,0xAD,,
"CAN",,,0xA9,,
"CAN",,,0xE8,,
"CAN",,,0x20,,
"CAN",,,0x42,,
"CAN",,,0x00,,
"CAN",,,,0x0000000000007463,
"CAN",,,,,true
"CAN",0x0000000000000017,,,,
"CAN",,0x0000000000000008,,,
"CAN",,,0x7F,,
"CAN",,,0xFF,,
"CAN",,,0x87,,
"CAN",,,0xF0,,
"CAN",,,0x00,,
"CAN",,,0x3D,,
"CAN",,,0x68,,
"CAN",,,0x4A,,
"CAN",,,,0x000000000000001F,
"CAN",,,,,true
"CAN",0x0000000000000017,,,,
"CAN",,0x0000000000000008,,,
"CAN",,,0x17,,
"CAN",,,0x53,,
"CAN",,,0x19,,
"CAN",,,0xAB,,
"CAN",,,0x38,,
"CAN",,,0x2A,,
"CAN",,,0x42,,
"CAN",,,0x00,,
"CAN",,,,0x0000000000006EC0,
"CAN",,,,,true
"CAN",0x0000000000000017,,,,
"CAN",,0x0000000000000008,,,
"CAN",,,0x7F,,
"CAN",,,0xFF,,
"CAN",,,0x87,,
"CAN",,,0xF0,,
"CAN",,,0x00,,
"CAN",,,0x3D,,
"CAN",,,0x68,,
"CAN",,,0x4A,,
"CAN",,,,0x000000000000001F,
"CAN",,,,,true
"CAN",0x0000000000000017,,,,
"CAN",,0x0000000000000008,,,
"CAN",,,0x17,,
"CAN",,,0x53,,
"CAN",,,0x85,,
"CAN",,,0xAC,,
"CAN",,,0x68,,
"CAN",,,0x25,,
"CAN",,,0x42,,
"CAN",,,0x00,,
"CAN",,,,0x0000000000005B6E,
"CAN",,,,,true
"CAN",0x0000000000000017,,,,
"CAN",,0x0000000000000008,,,
"CAN",,,0x7F,,
"CAN",,,0xFF,,
"CAN",,,0x87,,
"CAN",,,0xF0,,
"CAN",,,0x00,,
"CAN",,,0x3D,,
"CAN",,,0x68,,
"CAN",,,0x4A,,
"CAN",,,,0x000000000000001F,
"CAN",,,,,true
"CAN",0x0000000000000017,,,,
"CAN",,0x0000000000000008,,,
"CAN",,,0x17,,
"CAN",,,0x53,,
"CAN",,,0xF1,,
"CAN",,,0xAD,,
"CAN",,,0x98,,
"CAN",,,0x29,,
"CAN",,,0x42,,
"CAN",,,0x00,,
"CAN",,,,0x0000000000004D3D,
"CAN",,,,,true
"CAN",0x0000000000000017,,,,
"CAN",,0x0000000000000008,,,
"CAN",,,0x7F,,
"CAN",,,0xFF,,
"CAN",,,0x87,,
"CAN",,,0xF0,,
"CAN",,,0x00,,
"CAN",,,0x3D,,
"CAN",,,0x68,,
"CAN",,,0x4A,,
"CAN",,,,0x000000000000001F,
"CAN",,,,,true
"CAN",0x0000000000000017,,,,
"CAN",,0x0000000000000008,,,
"CAN",,,0x17,,
"CAN",,,0x54,,
"CAN",,,0x5D,,
"CAN",,,0xAC,,
"CAN",,,0xC8,,
"CAN",,,0x25,,
"CAN",,,0x42,,
"CAN",,,0x00,,
"CAN",,,,0x000000000000419E,
"CAN",,,,,true
"CAN",0x0000000000000017,,,,
"CAN",,0x0000000000000008,,,
"CAN",,,0x7F,,
"CAN",,,0xFF,,
"CAN",,,0x87,,
"CAN",,,0xF0,,
"CAN",,,0x00,,
"CAN",,,0x3D,,
"CAN",,,0x68,,
"CAN",,,0x4A,,
"CAN",,,,0x000000000000001F,
"CAN",,,,,true
"CAN",0x0000000000000017,,,,
"CAN",,0x0000000000000008,,,
"CAN",,,0x17,,
"CAN",,,0x54,,
"CAN",,,0xC9,,
"CAN",,,0xAD,,
"CAN",,,0xB8,,
"CAN",,,0x28,,
"CAN",,,0x42,,
"CAN",,,0x00,,
"CAN",,,,0x000000000000775E,
"CAN",,,,,true
"CAN",0x0000000000000017,,,,
"CAN",,0x0000000000000008,,,
"CAN",,,0x7F,,
"CAN",,,0xFF,,
"CAN",,,0x87,,
"CAN",,,0xF0,,
"CAN",,,0x00,,
"CAN",,,0x3D,,
"CAN",,,0x68,,
"CAN",,,0x4A,,
"CAN",,,,0x000000000000001F,
"CAN",,,,,true
"CAN",0x0000000000000017,,,,
"CAN",,0x0000000000000008,,,
"CAN",,,0x17,,
"CAN",,,0x55,,
"CAN",,,0x35,,
"CAN",,,0xAA,,
"CAN",,,0x98,,
"CAN",,,0x1D,,
"CAN",,,0x42,,
"CAN",,,0x00,,
"CAN",,,,0x00000000000069A3,
"CAN",,,,,true
"CAN",0x0000000000000017,,,,
"CAN",,0x0000000000000008,,,
"CAN",,,0x7F,,
"CAN",,,0xFF,,
"CAN",,,0x87,,
"CAN",,,0xF0,,
"CAN",,,0x00,,
"CAN",,,0x3D,,
"CAN",,,0x68,,
"CAN",,,0x4A,,
"CAN",,,,0x000000000000001F,
"CAN",,,,,true
"CAN",0x0000000000000017,,,,
"CAN",,0x0000000000000008,,,
"CAN",,,0x17,,
"CAN",,,0x55,,
"CAN",,,0xA2,,
"CAN",,,0xAB,,
"CAN",,,0xC8,,
"CAN",,,0x20,,
"CAN",,,0x42,,
"CAN",,,0x00,,
"CAN",,,,0x0000000000001116,
"CAN",,,,,true
"CAN",0x0000000000000017,,,,
"CAN",,0x0000000000000008,,,
"CAN",,,0x7F,,
"CAN",,,0xFF,,
"CAN",,,0x87,,
"CAN",,,0xF0,,
"CAN",,,0x00,,
"CAN",,,0x3D,,
"CAN",,,0x68,,
"CAN",,,0x4A,,
"CAN",,,,0x000000000000001F,
"CAN",,,,,true
"CAN",0x0000000000000017,,,,
"CAN",,0x0000000000000008,,,
"CAN",,,0x17,,
"CAN",,,0x56,,
"CAN",,,0x0F,,
"CAN",,,0xAC,,
"CAN",,,0xE8,,
"CAN",,,0x1F,,
"CAN",,,0x42,,
"CAN",,,0x00,,
"CAN",,,,0x0000000000000B58,
"CAN",,,,,true
"CAN",0x0000000000000017,,,,
"CAN",,0x0000000000000008,,,
"CAN",,,0x7F,,
"CAN",,,0xFF,,
"CAN",,,0x87,,
"CAN",,,0xF0,,
"CAN",,,0x00,,
"CAN",,,0x3D,,
"CAN",,,0x68,,
"CAN",,,0x4A,,
"CAN",,,,0x000000000000001F,
"CAN",,,,,true
"CAN",0x0000000000000017,,,,
"CAN",,0x0000000000000008,,,
"CAN",,,0x17,,
"CAN",,,0x56,,
"CAN",,,0x7C,,
"CAN",,,0xAC,,
"CAN",,,0x28,,
"CAN",,,0x22,,
"CAN",,,0x42,,
"CAN",,,0x00,,
"CAN",,,,0x0000000000005880,
"CAN",,,,,true
"CAN",0x0000000000000017,,,,
"CAN",,0x0000000000000008,,,
"CAN",,,0x7F,,
"CAN",,,0xFF,,
"CAN",,,0x87,,
"CAN",,,0xF0,,
"CAN",,,0x00,,
"CAN",,,0x3D,,
"CAN",,,0x68,,
"CAN",,,0x4A,,
"CAN",,,,0x000000000000001F,
"CAN",,,,,true
"CAN",0x0000000000000017,,,,
"CAN",,0x0000000000000008,,,
"CAN",,,0x17,,
"CAN",,,0x56,,
"CAN",,,0xEA,,
"CAN",,,0xAC,,
"CAN",,,0xC8,,
"CAN",,,0x19,,
"CAN",,,0x42,,
"CAN",,,0x00,,
"CAN",,,,0x0000000000006C99,
"CAN",,,,,true
"CAN",0x0000000000000017,,,,
"CAN",,0x0000000000000008,,,
"CAN",,,0x7F,,
"CAN",,,0xFF,,
"CAN",,,0x87,,
"CAN",,,0xF0,,
"CAN",,,0x00,,
"CAN",,,0x3D,,
"CAN",,,0x68,,
"CAN",,,0x4A,,
"CAN",,,,0x000000000000001F,
"CAN",,,,,true
"CAN",0x0000000000000017,,,,
"CAN",,0x0000000000000008,,,
"CAN",,,0x17,,
"CAN",,,0x57,,
"CAN",,,0x58,,
"CAN",,,0xAE,,
"CAN",,,0x28,,
"CAN",,,0x23,,
"CAN",,,0x42,,
"CAN",,,0x00,,
"CAN",,,,0x0000000000003A61,
"CAN",,,,,true
"CAN",0x0000000000000017,,,,
"CAN",,0x0000000000000008,,,
"CAN",,,0x7F,,
"CAN",,,0xFF,,
"CAN",,,0x87,,
"CAN",,,0xF0,,
"CAN",,,0x00,,
"CAN",,,0x3D,,
"CAN",,,0x68,,
"CAN",,,0x4A,,
"CAN",,,,0x000000000000001F,
"CAN",,,,,true
"CAN",0x0000000000000017,,,,
"CAN",,0x0000000000000008,,,
"CAN",,,0x17,,
"CAN",,,0x57,,
"CAN",,,0xC6,,
"CAN",,,0xAD,,
"CAN",,,0xA8,,
"CAN",,,0x20,,
"CAN",,,0x42,,
"CAN",,,0x00,,
"CAN",,,,0x0000000000007186,
"CAN",,,,,true
"CAN",0x0000000000000017,,,,
"CAN",,0x0000000000000008,,,
"CAN",,,0x7F,,
"CAN",,,0xFF,,
"CAN",,,0x87,,
"CAN",,,0xF0,,
"CAN",,,0x00,,
"CAN",,,0x3D,,
"CAN",,,0x68,,
"CAN",,,0x4A,,
"CAN",,,,0x000000000000001F,
"CAN",,,,,true
"CAN",0x0000000000000017,,,,
"CAN",,0x0000000000000008,,,
"CAN",,,0x17,,
"CAN",,,0x58,,
"CAN",,,0x34,,
"CAN",,,0xAE,,
"CAN",,,0x78,,
"CAN",,,0x24,,
"CAN",,,0x42,,
"CAN",,,0x00,,
"CAN",,,,0x00000000000042A9,
"CAN",,,,,true
"CAN",0x0000000000000017,,,,
"CAN",,0x0000000000000008,,,
"CAN",,,0x7F,,
"CAN",,,0xFF,,
"CAN",,,0x87,,
"CAN",,,0xF0,,
"CAN",,,0x00,,
"CAN",,,0x3D,,
"CAN",,,0x68,,
"CAN",,,0x4A,,
"CAN",,,,0x000000000000001F,
"CAN",,,,,true
"CAN",0x0000000000000017,,,,
"CAN",,0x0000000000000008,,,
"CAN",,,0x17,,
"CAN",,,0x58,,
"CAN",,,0xA3,,
"CAN",,,0xAB,,
"CAN",,,0x18,,
"CAN",,,0x1D,,
"CAN",,,0x42,,
"CAN",,,0x00,,
"CAN",,,,0x0000000000000DA3,
"CAN",,,,,true
"CAN",0x0000000000000017,,,,
"CAN",,0x0000000000000008,,,
"CAN",,,0x7F,,
"CAN",,,0xFF,,
"CAN",,,0x87,,
"CAN",,,0xF0,,
"CAN",,,0x00,,
"CAN",,,0x3D,,
"CAN",,,0x68,,
"CAN",,,0x4A,,
"CAN",,,,0x000000000000001F,
"CAN",,,,,true
"CAN",0x0000000000000017,,,,
"CAN",,0x0000000000000008,,,
"CAN",,,0x17,,
"CAN",,,0x59,,
"CAN",,,0x12,,
"CAN",,,0xAC,,
"CAN",,,0x78,,
"CAN",,,0x25,,
"CAN",,,0x42,,
"CAN",,,0x00,,
"CAN",,,,0x0000000000001C10,
"CAN",,,,,true
"CAN",0x0000000000000017,,,,
"CAN",,0x0000000000000008,,,
"CAN",,,0x7F,,
"CAN",,,0xFF,,
"CAN",,,0x87,,
"CAN",,,0xF0,,
"CAN",,,0x00,,
"CAN",,,0x3D,,
"CAN",,,0x68,,
"CAN",,,0x4A,,
"CAN",,,,0x000000000000001F,
"CAN",,,,,true
"CAN",0x0000000000000017,,,,
"CAN",,0x0000000000000008,,,
"CAN",,,0x17,,
"CAN",,,0x59,,
"CAN",,,0x82,,
"CAN",,,0xAD,,
"CAN",,,0xC8,,
"CAN",,,0x20,,
"CAN",,,0x42,,
"CAN",,,0x00,,
"CAN",,,,0x0000000000002B33,
"CAN",,,,,true
"CAN",0x0000000000000017,,,,
"CAN",,0x0000000000000008,,,
"CAN",,,0x7F,,
"CAN",,,0xFF,,
"CAN",,,0x87,,
"CAN",,,0xF0,,
"CAN",,,0x00,,
"CAN",,,0x3D,,
"CAN",,,0x68,,
"CAN",,,0x4A,,
"CAN",,,,0x000000000000001F,
"CAN",,,,,true
"CAN",0x0000000000000017,,,,
"CAN",,0x0000000000000008,,,
"CAN",,,0x17,,
"CAN",,,0x59,,
"CAN",,,0xF2,,
"CAN",,,0xAC,,
"CAN",,,0xE8,,
"CAN",,,0x24,,
"CAN",,,0x42,,
"CAN",,,0x00,,
"CAN",,,,0x0000000000005831,
"CAN",,,,,true
"CAN",0x0000000000000017,,,,
"CAN",,0x0000000000000008,,,
"CAN",,,0x7F,,
"CAN",,,0xFF,,
"CAN",,,0x87,,
"CAN",,,0xF0,,
"CAN",,,0x00,,
"CAN",,,0x3D,,
"CAN",,,0x68,,
"CAN",,,0x4A,,
"CAN",,,,0x000000000000001F,
"CAN",,,,,true
"CAN",0x0000000000000017,,,,
"CAN",,0x0000000000000008,,,
"CAN",,,0x17,,
"CAN",,,0x5A,,
"CAN",,,0x62,,
"CAN",,,0xAD,,
"CAN",,,0xE8,,
"CAN",,,0x20,,
"CAN",,,0x42,,
"CAN",,,0x00,,
"CAN",,,,0x0000000000001BB7,
"CAN",,,,,true
"CAN",0x0000000000000017,,,,
"CAN",,0x0000000000000008,,,
"CAN",,,0x7F,,
"CAN",,,0xFF,,
"CAN",,,0x87,,
"CAN",,,0xF0,,
"CAN",,,0x00,,
"CAN",,,0x3D,,
"CAN",,,0x68,,
"CAN",,,0x4A,,
"CAN",,,,0x000000000000001F,
"CAN",,,,,true
"CAN",0x0000000000000017,,,,
"CAN",,0x0000000000000008,,,
"CAN",,,0x17,,
"CAN",,,0x5A,,
"CAN",,,0xD3,,
"CAN",,,0xAD,,
"CAN",,,0x28,,
"CAN",,,0x27,,
"CAN",,,0x42,,
"CAN",,,0x00,,
"CAN",,,,0x0000000000001729,
"CAN",,,,,true
"CAN",0x0000000000000017,,,,
"CAN",,0x0000000000000008,,,
"CAN",,,0x7F,,
"CAN",,,0xFF,,
"CAN",,,0x87,,
"CAN",,,0xF0,,
"CAN",,,0x00,,
"CAN",,,0x3D,,
"CAN",,,0x68,,
"CAN",,,0x4A,,
"CAN",,,,0x000000000000001F,
"CAN",,,,,true
"CAN",0x0000000000000017,,,,
"CAN",,0x0000000000000008,,,
"CAN",,,0x17,,
"CAN",,,0x5B,,
"CAN",,,0x44,,
"CAN",,,0xAC,,
"CAN",,,0x48,,
"CAN",,,0x1C,,
"CAN",,,0x42,,
"CAN",,,0x00,,
"CAN",,,,0x0000000000001F71,
"CAN",,,,,true
"CAN",0x0000000000000017,,,,
"CAN",,0x0000000000000008,,,
"CAN",,,0x7F,,
"CAN",,,0xFF,,
"CAN",,,0x87,,
"CAN",,,0xF0,,
"CAN",,,0x00,,
"CAN",,,0x3D,,
"CAN",,,0x68,,
"CAN",,,0x4A,,
"CAN",,,,0x000000000000001F,
"CAN",,,,,true
"CAN",0x0000000000000017,,,,
"CAN",,0x0000000000000008,,,
"CAN",,,0x17,,
"CAN",,,0x5B,,
"CAN",,,0xB6,,
"CAN",,,0xAD,,
"CAN",,,0x58,,
"CAN",,,0x2B,,
"CAN",,,0x42,,
"CAN",,,0x00,,
"CAN",,,,0x00000000000054C9,
"CAN",,,,,true
"CAN",0x0000000000000017,,,,
"CAN",,0x0000000000000008,,,
"CAN",,,0x7F,,
"CAN",,,0xFF,,
"CAN",,,0x87,,
"CAN",,,0xF0,,
"CAN",,,0x00,,
"CAN",,,0x3D,,
"CAN",,,0x68,,
"CAN",,,0x4A,,
"CAN",,,,0x000000000000001F,
"CAN",,,,,true
"CAN",0x0000000000000017,,,,
"CAN",,0x0000000000000008,,,
"CAN",,,0x17,,
"CAN",,,0x5C,,
"CAN",,,0x28,,
"CAN",,,0xAE,,
"CAN",,,0xA8,,
"CAN",,,0x1E,,
"CAN",,,0x42,,
"CAN",,,0x00,,
"CAN",,,,0x0000000000006D48,
"CAN",,,,,true
"CAN",0x0000000000000017,,,,
"CAN",,0x0000000000000008,,,
"CAN",,,0xFF,,
"CAN",,,0xFF,,
"CAN",,,0xFF,,
"CAN",,,0xFF,,
"CAN",,,0xFF,,
"CAN",,,0xFF,,
"CAN",,,0xFF,,
"CAN",,,0xFD,,
"CAN",,,,0x0000000000007952,
"CAN",,,,,true
"CAN",0x0000000000000017,,,,
"CAN",,0x0000000000000008,,,
"CAN",,,0xFF,,
"CAN",,,0xFF,,
"CAN",,,0xFF,,
"CAN",,,0xFF,,
"CAN",,,0xFF,,
"CAN",,,0xFF,,
"CAN",,,0xFF,,
"CAN",,,0xFD,,
"CAN",,,,0x0000000000007952,
"CAN",,,,,true
"CAN",0x0000000000000017,,,,
"CAN",,,,,
"CAN",0x0000000000000017,,,,
"CAN",,0x0000000000000008,,,
"CAN",,,0x17,,
"CAN",,,0x5C,,
"CAN",,,0x49,,
"CAN",,,0xAC,,
"CAN",,,0xF8,,
"CAN",,,0x1D,,
"CAN",,,0x42,,
"CAN",,,0x00,,
"CAN",,,,0x0000000000006B47,
"CAN",,,,,true
"CAN",0x0000000000000017,,,,
"CAN",,0x0000000000000008,,,
"CAN",,,0x17,,
"CAN",,,0x5C,,
"CAN",,,0x4A,,
"CAN",,,0xAE,,
"CAN",,,0xE8,,
"CAN",,,0x1D,,
"CAN",,,0x42,,
"CAN",,,0x00,,
"CAN",,,,0x00000000000027C8,
"CAN",,,,,true
